,user_id,age,purchases,revenue
user_id,1.0,-0.046160613682127406,-0.09121582164667039,0.09075696660202318
age,-0.046160613682127406,1.0,-0.3461290617321631,-0.07507265680404165
purchases,-0.09121582164667039,-0.3461290617321631,1.0,0.6611089949505548
revenue,0.09075696660202318,-0.07507265680404165,0.6611089949505548,1.0
